Workbook
Name Subjects: Subjects!$B$5:$B$24

Sheet Start Here
A1: NOVU · Study Planner
A2: Plan subjects, log study sessions and know exactly how much is left before every exam.
B4: مخطط المذاكرة
B6: How to use
B7: 1. Subjects | C7: List your subjects with the exam (or deadline) date and how many hours you want to put into each.
B8: 2. Sessions | C8: After every study session, log the date, subject, minutes and how focused you were (1–5). Sample rows show the format — delete them.
B9: 3. Dashboard | C9: Pick any date to see that week: hours per day, hours per subject, number of sessions and average focus.
B10: 4. Timetable | C10: Optional weekly schedule — type what you plan to study in each slot.
B12: Legend
B13: Type here | C13: Tinted cells are inputs. Everything else calculates on its own — please don't type over it.
B14: Formula | C14: Hours done, progress, days left and the hours-per-day you need are all calculated from your sessions.
B16: Made by NOVU · Private by design. Your data stays in this file.
B17: Works in Microsoft Excel 2010+, Google Sheets and LibreOffice.

Sheet Dashboard
A1: Dashboard
A2: Your study week · أسبوعك الدراسي
B4: Week of | C4: 46317 | D4: ="Sat "&TEXT(C5,"dd mmm")&" → Fri "&TEXT(C5+6,"dd mmm")
C5: =C4-MOD(WEEKDAY(C4),7)
B7: HOURS THIS WEEK | C7: SESSIONS | D7: AVG FOCUS | E7: ALL-TIME HOURS | F7: NEXT EXAM IN
B8: =SUMIFS(Sessions!$C$5:$C$1004,Sessions!$F$5:$F$1004,Dashboard!$C$5)/60 | C8: =COUNTIFS(Sessions!$F$5:$F$1004,Dashboard!$C$5) | D8: =IFERROR(AVERAGEIFS(Sessions!$E$5:$E$1004,Sessions!$F$5:$F$1004,Dashboard!$C$5),0) | E8: =SUM(Sessions!$C$5:$C$1004)/60 | F8: =IFERROR(SMALL(Subjects!$G$5:$G$24,COUNTIF(Subjects!$G$5:$G$24,"<0")+1),"–")
B11: Day | C11: Date | D11: Hours | H11: Subject | I11: Hours this week
B12: Saturday | C12: =$C$5+0 | D12: =SUMIFS(Sessions!$C$5:$C$1004,Sessions!$A$5:$A$1004,C12)/60 | H12: =IF(Subjects!B5="","",Subjects!B5) | I12: =IF(H12="","",SUMIFS(Sessions!$C$5:$C$1004,Sessions!$B$5:$B$1004,H12,Sessions!$F$5:$F$1004,Dashboard!$C$5)/60)
B13: Sunday | C13: =$C$5+1 | D13: =SUMIFS(Sessions!$C$5:$C$1004,Sessions!$A$5:$A$1004,C13)/60 | H13: =IF(Subjects!B6="","",Subjects!B6) | I13: =IF(H13="","",SUMIFS(Sessions!$C$5:$C$1004,Sessions!$B$5:$B$1004,H13,Sessions!$F$5:$F$1004,Dashboard!$C$5)/60)
B14: Monday | C14: =$C$5+2 | D14: =SUMIFS(Sessions!$C$5:$C$1004,Sessions!$A$5:$A$1004,C14)/60 | H14: =IF(Subjects!B7="","",Subjects!B7) | I14: =IF(H14="","",SUMIFS(Sessions!$C$5:$C$1004,Sessions!$B$5:$B$1004,H14,Sessions!$F$5:$F$1004,Dashboard!$C$5)/60)
B15: Tuesday | C15: =$C$5+3 | D15: =SUMIFS(Sessions!$C$5:$C$1004,Sessions!$A$5:$A$1004,C15)/60 | H15: =IF(Subjects!B8="","",Subjects!B8) | I15: =IF(H15="","",SUMIFS(Sessions!$C$5:$C$1004,Sessions!$B$5:$B$1004,H15,Sessions!$F$5:$F$1004,Dashboard!$C$5)/60)
B16: Wednesday | C16: =$C$5+4 | D16: =SUMIFS(Sessions!$C$5:$C$1004,Sessions!$A$5:$A$1004,C16)/60 | H16: =IF(Subjects!B9="","",Subjects!B9) | I16: =IF(H16="","",SUMIFS(Sessions!$C$5:$C$1004,Sessions!$B$5:$B$1004,H16,Sessions!$F$5:$F$1004,Dashboard!$C$5)/60)
B17: Thursday | C17: =$C$5+5 | D17: =SUMIFS(Sessions!$C$5:$C$1004,Sessions!$A$5:$A$1004,C17)/60 | H17: =IF(Subjects!B10="","",Subjects!B10) | I17: =IF(H17="","",SUMIFS(Sessions!$C$5:$C$1004,Sessions!$B$5:$B$1004,H17,Sessions!$F$5:$F$1004,Dashboard!$C$5)/60)
B18: Friday | C18: =$C$5+6 | D18: =SUMIFS(Sessions!$C$5:$C$1004,Sessions!$A$5:$A$1004,C18)/60 | H18: =IF(Subjects!B11="","",Subjects!B11) | I18: =IF(H18="","",SUMIFS(Sessions!$C$5:$C$1004,Sessions!$B$5:$B$1004,H18,Sessions!$F$5:$F$1004,Dashboard!$C$5)/60)
H19: =IF(Subjects!B12="","",Subjects!B12) | I19: =IF(H19="","",SUMIFS(Sessions!$C$5:$C$1004,Sessions!$B$5:$B$1004,H19,Sessions!$F$5:$F$1004,Dashboard!$C$5)/60)
H20: =IF(Subjects!B13="","",Subjects!B13) | I20: =IF(H20="","",SUMIFS(Sessions!$C$5:$C$1004,Sessions!$B$5:$B$1004,H20,Sessions!$F$5:$F$1004,Dashboard!$C$5)/60)
H21: =IF(Subjects!B14="","",Subjects!B14) | I21: =IF(H21="","",SUMIFS(Sessions!$C$5:$C$1004,Sessions!$B$5:$B$1004,H21,Sessions!$F$5:$F$1004,Dashboard!$C$5)/60)
H22: =IF(Subjects!B15="","",Subjects!B15) | I22: =IF(H22="","",SUMIFS(Sessions!$C$5:$C$1004,Sessions!$B$5:$B$1004,H22,Sessions!$F$5:$F$1004,Dashboard!$C$5)/60)
H23: =IF(Subjects!B16="","",Subjects!B16) | I23: =IF(H23="","",SUMIFS(Sessions!$C$5:$C$1004,Sessions!$B$5:$B$1004,H23,Sessions!$F$5:$F$1004,Dashboard!$C$5)/60)
H24: =IF(Subjects!B17="","",Subjects!B17) | I24: =IF(H24="","",SUMIFS(Sessions!$C$5:$C$1004,Sessions!$B$5:$B$1004,H24,Sessions!$F$5:$F$1004,Dashboard!$C$5)/60)
H25: =IF(Subjects!B18="","",Subjects!B18) | I25: =IF(H25="","",SUMIFS(Sessions!$C$5:$C$1004,Sessions!$B$5:$B$1004,H25,Sessions!$F$5:$F$1004,Dashboard!$C$5)/60)
H26: =IF(Subjects!B19="","",Subjects!B19) | I26: =IF(H26="","",SUMIFS(Sessions!$C$5:$C$1004,Sessions!$B$5:$B$1004,H26,Sessions!$F$5:$F$1004,Dashboard!$C$5)/60)
H27: =IF(Subjects!B20="","",Subjects!B20) | I27: =IF(H27="","",SUMIFS(Sessions!$C$5:$C$1004,Sessions!$B$5:$B$1004,H27,Sessions!$F$5:$F$1004,Dashboard!$C$5)/60)
H28: =IF(Subjects!B21="","",Subjects!B21) | I28: =IF(H28="","",SUMIFS(Sessions!$C$5:$C$1004,Sessions!$B$5:$B$1004,H28,Sessions!$F$5:$F$1004,Dashboard!$C$5)/60)
H29: =IF(Subjects!B22="","",Subjects!B22) | I29: =IF(H29="","",SUMIFS(Sessions!$C$5:$C$1004,Sessions!$B$5:$B$1004,H29,Sessions!$F$5:$F$1004,Dashboard!$C$5)/60)
H30: =IF(Subjects!B23="","",Subjects!B23) | I30: =IF(H30="","",SUMIFS(Sessions!$C$5:$C$1004,Sessions!$B$5:$B$1004,H30,Sessions!$F$5:$F$1004,Dashboard!$C$5)/60)
H31: =IF(Subjects!B24="","",Subjects!B24) | I31: =IF(H31="","",SUMIFS(Sessions!$C$5:$C$1004,Sessions!$B$5:$B$1004,H31,Sessions!$F$5:$F$1004,Dashboard!$C$5)/60)

Sheet Subjects
A1: Subjects
A2: Your subjects and exams · المواد والامتحانات
B4: Subject | C4: Exam / deadline | D4: Target hours | E4: Hours done | F4: Progress | G4: Days left | H4: Hours / day needed | I4: Status
B5: Mathematics | C5: 46376 | D5: 60 | E5: =IF(B5="","",SUMIFS(Sessions!$C$5:$C$1004,Sessions!$B$5:$B$1004,B5)/60) | F5: =IF(OR(B5="",N(D5)=0),"",MIN(1,E5/D5)) | G5: =IF(OR(B5="",C5=""),"",C5-TODAY()) | H5: =IF(OR(B5="",G5="",N(D5)=0),"",IF(G5<=0,"",MAX(0,D5-E5)/G5)) | I5: =IF(B5="","",IF(N(F5)>=1,"Done",IF(G5="","On track",IF(G5<0,"Exam passed",IF(G5<=7,"Exam soon","On track")))))
B6: Physics | C6: 46379 | D6: 45 | E6: =IF(B6="","",SUMIFS(Sessions!$C$5:$C$1004,Sessions!$B$5:$B$1004,B6)/60) | F6: =IF(OR(B6="",N(D6)=0),"",MIN(1,E6/D6)) | G6: =IF(OR(B6="",C6=""),"",C6-TODAY()) | H6: =IF(OR(B6="",G6="",N(D6)=0),"",IF(G6<=0,"",MAX(0,D6-E6)/G6)) | I6: =IF(B6="","",IF(N(F6)>=1,"Done",IF(G6="","On track",IF(G6<0,"Exam passed",IF(G6<=7,"Exam soon","On track")))))
B7: Chemistry | C7: 46383 | D7: 40 | E7: =IF(B7="","",SUMIFS(Sessions!$C$5:$C$1004,Sessions!$B$5:$B$1004,B7)/60) | F7: =IF(OR(B7="",N(D7)=0),"",MIN(1,E7/D7)) | G7: =IF(OR(B7="",C7=""),"",C7-TODAY()) | H7: =IF(OR(B7="",G7="",N(D7)=0),"",IF(G7<=0,"",MAX(0,D7-E7)/G7)) | I7: =IF(B7="","",IF(N(F7)>=1,"Done",IF(G7="","On track",IF(G7<0,"Exam passed",IF(G7<=7,"Exam soon","On track")))))
B8: English | C8: 46386 | D8: 25 | E8: =IF(B8="","",SUMIFS(Sessions!$C$5:$C$1004,Sessions!$B$5:$B$1004,B8)/60) | F8: =IF(OR(B8="",N(D8)=0),"",MIN(1,E8/D8)) | G8: =IF(OR(B8="",C8=""),"",C8-TODAY()) | H8: =IF(OR(B8="",G8="",N(D8)=0),"",IF(G8<=0,"",MAX(0,D8-E8)/G8)) | I8: =IF(B8="","",IF(N(F8)>=1,"Done",IF(G8="","On track",IF(G8<0,"Exam passed",IF(G8<=7,"Exam soon","On track")))))
B9: Arabic | C9: 46390 | D9: 25 | E9: =IF(B9="","",SUMIFS(Sessions!$C$5:$C$1004,Sessions!$B$5:$B$1004,B9)/60) | F9: =IF(OR(B9="",N(D9)=0),"",MIN(1,E9/D9)) | G9: =IF(OR(B9="",C9=""),"",C9-TODAY()) | H9: =IF(OR(B9="",G9="",N(D9)=0),"",IF(G9<=0,"",MAX(0,D9-E9)/G9)) | I9: =IF(B9="","",IF(N(F9)>=1,"Done",IF(G9="","On track",IF(G9<0,"Exam passed",IF(G9<=7,"Exam soon","On track")))))
E10: =IF(B10="","",SUMIFS(Sessions!$C$5:$C$1004,Sessions!$B$5:$B$1004,B10)/60) | F10: =IF(OR(B10="",N(D10)=0),"",MIN(1,E10/D10)) | G10: =IF(OR(B10="",C10=""),"",C10-TODAY()) | H10: =IF(OR(B10="",G10="",N(D10)=0),"",IF(G10<=0,"",MAX(0,D10-E10)/G10)) | I10: =IF(B10="","",IF(N(F10)>=1,"Done",IF(G10="","On track",IF(G10<0,"Exam passed",IF(G10<=7,"Exam soon","On track")))))
E11: =IF(B11="","",SUMIFS(Sessions!$C$5:$C$1004,Sessions!$B$5:$B$1004,B11)/60) | F11: =IF(OR(B11="",N(D11)=0),"",MIN(1,E11/D11)) | G11: =IF(OR(B11="",C11=""),"",C11-TODAY()) | H11: =IF(OR(B11="",G11="",N(D11)=0),"",IF(G11<=0,"",MAX(0,D11-E11)/G11)) | I11: =IF(B11="","",IF(N(F11)>=1,"Done",IF(G11="","On track",IF(G11<0,"Exam passed",IF(G11<=7,"Exam soon","On track")))))
E12: =IF(B12="","",SUMIFS(Sessions!$C$5:$C$1004,Sessions!$B$5:$B$1004,B12)/60) | F12: =IF(OR(B12="",N(D12)=0),"",MIN(1,E12/D12)) | G12: =IF(OR(B12="",C12=""),"",C12-TODAY()) | H12: =IF(OR(B12="",G12="",N(D12)=0),"",IF(G12<=0,"",MAX(0,D12-E12)/G12)) | I12: =IF(B12="","",IF(N(F12)>=1,"Done",IF(G12="","On track",IF(G12<0,"Exam passed",IF(G12<=7,"Exam soon","On track")))))
E13: =IF(B13="","",SUMIFS(Sessions!$C$5:$C$1004,Sessions!$B$5:$B$1004,B13)/60) | F13: =IF(OR(B13="",N(D13)=0),"",MIN(1,E13/D13)) | G13: =IF(OR(B13="",C13=""),"",C13-TODAY()) | H13: =IF(OR(B13="",G13="",N(D13)=0),"",IF(G13<=0,"",MAX(0,D13-E13)/G13)) | I13: =IF(B13="","",IF(N(F13)>=1,"Done",IF(G13="","On track",IF(G13<0,"Exam passed",IF(G13<=7,"Exam soon","On track")))))
E14: =IF(B14="","",SUMIFS(Sessions!$C$5:$C$1004,Sessions!$B$5:$B$1004,B14)/60) | F14: =IF(OR(B14="",N(D14)=0),"",MIN(1,E14/D14)) | G14: =IF(OR(B14="",C14=""),"",C14-TODAY()) | H14: =IF(OR(B14="",G14="",N(D14)=0),"",IF(G14<=0,"",MAX(0,D14-E14)/G14)) | I14: =IF(B14="","",IF(N(F14)>=1,"Done",IF(G14="","On track",IF(G14<0,"Exam passed",IF(G14<=7,"Exam soon","On track")))))
E15: =IF(B15="","",SUMIFS(Sessions!$C$5:$C$1004,Sessions!$B$5:$B$1004,B15)/60) | F15: =IF(OR(B15="",N(D15)=0),"",MIN(1,E15/D15)) | G15: =IF(OR(B15="",C15=""),"",C15-TODAY()) | H15: =IF(OR(B15="",G15="",N(D15)=0),"",IF(G15<=0,"",MAX(0,D15-E15)/G15)) | I15: =IF(B15="","",IF(N(F15)>=1,"Done",IF(G15="","On track",IF(G15<0,"Exam passed",IF(G15<=7,"Exam soon","On track")))))
E16: =IF(B16="","",SUMIFS(Sessions!$C$5:$C$1004,Sessions!$B$5:$B$1004,B16)/60) | F16: =IF(OR(B16="",N(D16)=0),"",MIN(1,E16/D16)) | G16: =IF(OR(B16="",C16=""),"",C16-TODAY()) | H16: =IF(OR(B16="",G16="",N(D16)=0),"",IF(G16<=0,"",MAX(0,D16-E16)/G16)) | I16: =IF(B16="","",IF(N(F16)>=1,"Done",IF(G16="","On track",IF(G16<0,"Exam passed",IF(G16<=7,"Exam soon","On track")))))
E17: =IF(B17="","",SUMIFS(Sessions!$C$5:$C$1004,Sessions!$B$5:$B$1004,B17)/60) | F17: =IF(OR(B17="",N(D17)=0),"",MIN(1,E17/D17)) | G17: =IF(OR(B17="",C17=""),"",C17-TODAY()) | H17: =IF(OR(B17="",G17="",N(D17)=0),"",IF(G17<=0,"",MAX(0,D17-E17)/G17)) | I17: =IF(B17="","",IF(N(F17)>=1,"Done",IF(G17="","On track",IF(G17<0,"Exam passed",IF(G17<=7,"Exam soon","On track")))))
E18: =IF(B18="","",SUMIFS(Sessions!$C$5:$C$1004,Sessions!$B$5:$B$1004,B18)/60) | F18: =IF(OR(B18="",N(D18)=0),"",MIN(1,E18/D18)) | G18: =IF(OR(B18="",C18=""),"",C18-TODAY()) | H18: =IF(OR(B18="",G18="",N(D18)=0),"",IF(G18<=0,"",MAX(0,D18-E18)/G18)) | I18: =IF(B18="","",IF(N(F18)>=1,"Done",IF(G18="","On track",IF(G18<0,"Exam passed",IF(G18<=7,"Exam soon","On track")))))
E19: =IF(B19="","",SUMIFS(Sessions!$C$5:$C$1004,Sessions!$B$5:$B$1004,B19)/60) | F19: =IF(OR(B19="",N(D19)=0),"",MIN(1,E19/D19)) | G19: =IF(OR(B19="",C19=""),"",C19-TODAY()) | H19: =IF(OR(B19="",G19="",N(D19)=0),"",IF(G19<=0,"",MAX(0,D19-E19)/G19)) | I19: =IF(B19="","",IF(N(F19)>=1,"Done",IF(G19="","On track",IF(G19<0,"Exam passed",IF(G19<=7,"Exam soon","On track")))))
E20: =IF(B20="","",SUMIFS(Sessions!$C$5:$C$1004,Sessions!$B$5:$B$1004,B20)/60) | F20: =IF(OR(B20="",N(D20)=0),"",MIN(1,E20/D20)) | G20: =IF(OR(B20="",C20=""),"",C20-TODAY()) | H20: =IF(OR(B20="",G20="",N(D20)=0),"",IF(G20<=0,"",MAX(0,D20-E20)/G20)) | I20: =IF(B20="","",IF(N(F20)>=1,"Done",IF(G20="","On track",IF(G20<0,"Exam passed",IF(G20<=7,"Exam soon","On track")))))
E21: =IF(B21="","",SUMIFS(Sessions!$C$5:$C$1004,Sessions!$B$5:$B$1004,B21)/60) | F21: =IF(OR(B21="",N(D21)=0),"",MIN(1,E21/D21)) | G21: =IF(OR(B21="",C21=""),"",C21-TODAY()) | H21: =IF(OR(B21="",G21="",N(D21)=0),"",IF(G21<=0,"",MAX(0,D21-E21)/G21)) | I21: =IF(B21="","",IF(N(F21)>=1,"Done",IF(G21="","On track",IF(G21<0,"Exam passed",IF(G21<=7,"Exam soon","On track")))))
... E24: =IF(B24="","",SUMIFS(Sessions!$C$5:$C$1004,Sessions!$B$5:$B$1004,B24)/60) | F24: =IF(OR(B24="",N(D24)=0),"",MIN(1,E24/D24)) | G24: =IF(OR(B24="",C24=""),"",C24-TODAY()) | H24: =IF(OR(B24="",G24="",N(D24)=0),"",IF(G24<=0,"",MAX(0,D24-E24)/G24)) | I24: =IF(B24="","",IF(N(F24)>=1,"Done",IF(G24="","On track",IF(G24<0,"Exam passed",IF(G24<=7,"Exam soon","On track")))))

Sheet Sessions
A1: Study sessions
A2: Log every session · سجل جلسات المذاكرة
A3: Week starts on Saturday. Delete the sample rows when you start.
A4: Date | B4: Subject | C4: Minutes | D4: Topic | E4: Focus (1–5) | F4: Week of
A5: 46312 | B5: Mathematics | C5: 90 | D5: Integration by parts | E5: 4 | F5: =IF(A5="","",A5-MOD(WEEKDAY(A5),7))
A6: 46312 | B6: English | C6: 40 | D6: Essay practice | E6: 3 | F6: =IF(A6="","",A6-MOD(WEEKDAY(A6),7))
A7: 46313 | B7: Physics | C7: 75 | D7: Electric circuits | E7: 4 | F7: =IF(A7="","",A7-MOD(WEEKDAY(A7),7))
A8: 46314 | B8: Chemistry | C8: 60 | D8: Organic reactions | E8: 3 | F8: =IF(A8="","",A8-MOD(WEEKDAY(A8),7))
A9: 46315 | B9: Mathematics | C9: 120 | D9: Past paper 2024 | E9: 5 | F9: =IF(A9="","",A9-MOD(WEEKDAY(A9),7))
A10: 46316 | B10: Arabic | C10: 45 | D10: Grammar revision | E10: 4 | F10: =IF(A10="","",A10-MOD(WEEKDAY(A10),7))
A11: 46317 | B11: Physics | C11: 60 | D11: Problem set 3 | E11: 4 | F11: =IF(A11="","",A11-MOD(WEEKDAY(A11),7))
F12: =IF(A12="","",A12-MOD(WEEKDAY(A12),7))
F13: =IF(A13="","",A13-MOD(WEEKDAY(A13),7))
F14: =IF(A14="","",A14-MOD(WEEKDAY(A14),7))
F15: =IF(A15="","",A15-MOD(WEEKDAY(A15),7))
F16: =IF(A16="","",A16-MOD(WEEKDAY(A16),7))
F17: =IF(A17="","",A17-MOD(WEEKDAY(A17),7))
F18: =IF(A18="","",A18-MOD(WEEKDAY(A18),7))
F19: =IF(A19="","",A19-MOD(WEEKDAY(A19),7))
F20: =IF(A20="","",A20-MOD(WEEKDAY(A20),7))
F21: =IF(A21="","",A21-MOD(WEEKDAY(A21),7))
F22: =IF(A22="","",A22-MOD(WEEKDAY(A22),7))
F23: =IF(A23="","",A23-MOD(WEEKDAY(A23),7))
... F1004: =IF(A1004="","",A1004-MOD(WEEKDAY(A1004),7))

Sheet Timetable
A1: Weekly timetable
A2: Plan your week · الجدول الأسبوعي
A4: Time | B4: Saturday | C4: Sunday | D4: Monday | E4: Tuesday | F4: Wednesday | G4: Thursday | H4: Friday
A5: 08:00 | C5: Mathematics | E5: Physics
A6: 09:00 | B6: Chemistry
A7: 10:00
A8: 11:00
A9: 12:00
A10: 13:00
A11: 14:00
A12: 15:00
A13: 16:00
A14: 17:00
A15: 18:00
A16: 19:00
A17: 20:00
A18: 21:00
A19: 22:00
